<Scene>
    <Group>
        <Translate y="0" z="0" x="-18"/>
        <Models>
            <Model file ="esfera.3d" /> <!-- sol -->
        </Models>
        <!-- mercurio -->
mo        <Group>
            <Translate x="3" y="0" z="0"/>
            <Scale x="0.02" y="0.02" z="0.02" />
            <Models>
                <Model file ="esfera.3d" />
            </Models>
        </Group>
        <!-- venus -->
        <Group>
            <Translate x="7" y="0" z="0"/>
            <Scale x="0.045" y="0.045" z="0.045" />
            <Models>
                <Model file ="esfera.3d" />
            </Models>
        </Group>
        <!-- Terra + Lua -->
        <Group>
            <Translate x="11" y="0" z="0"/>
            <Rotate ang="35" x="0" y="0" z="1"/>
            <Group>
                <Scale x="0.2" y="0.2" z="0.2"/>
                <Models>
                    <Model file ="esfera.3d" /> <!-- Terra -->
                </Models>
            </Group>
            <Group>
                <Translate x="0.6" y="0" z="0"/>
                <Scale x="0.02" y="0.02" z="0.02" />
                <Models>
                    <Model file ="esfera.3d" /> <!-- Lua -->
                </Models>
            </Group>
        </Group>
        <!-- Marte -->
        <Group>
            <Translate x="14" y="0" z="0"/>
            <Scale x="0.025" y="0.025" z="0.025" />
            <Models>
                <Model file ="esfera.3d" />
            </Models>
        </Group>
        <!-- jupiter -->
        <Group>
            <Translate x="18" y="0" z="0"/>
            <Scale x="0.4" y="0.4" z="0.4" />
            <Models>
                <Model file ="esfera.3d" />
            </Models>
        </Group>
        <!-- saturno -->
        <Group>
            <Translate x="25" y="0" z="0"/>
            <Scale x="0.35" y="0.35" z="0.35"/>
            <Rotate ang="25" x="0" y="0" z="1"/>
            <Group>
                <Models>
                    <Model file ="anel.3d" />
                </Models>
            </Group>
            <Group>
                <Models>
                    <Model file ="esfera.3d" />
                </Models>
            </Group>
        </Group>
        <!-- urano -->
        <Group>
            <Translate x="31" y="0" z="0"/>
            <Scale x="0.2" y="0.2" z="0.2" />
            <Models>
                <Model file ="esfera.3d" />
            </Models>
        </Group>
        <!-- neptuno -->
        <Group>
            <Translate x="36" y="0" z="0"/>
            <Scale x="0.2" y="0.2" z="0.2" />
            <Models>
                <Model file ="esfera.3d" />
            </Models>
        </Group>
    </Group>
</Scene>