<Scene>
    <Group>
        <!--<Scale x="30" y="30" z="30"/>-->
        <!-- <Rotate time="35000" x="0" y="1" z="0"/> -->
        <Models>
            <Model file ="sol.3d" texture="sun.jpg"/> <!-- planeta -->
        </Models>
        <!-- mercurio -->
        <Group>
            <Scale x="0.50" y="0.50" z="0.50"/>
            <Rotate time="15000" x="0" y="1" z="0"/>
            <Translate time="40" >
                <point x="8" y="0" z="0" />
                <point x="5.7" y="0" z="-5.7" />
                <point x="0" y="0" z="-8" />
                <point x="-5.7" y="0" z="-5.7" />
                <point x="-8" y="0" z="0" />
                <point x="-5.7" y="0" z="5.7" />
                <point x="0" y="0" z="8" />
                <point x="5.7" y="0" z="5.7" />
            </Translate>
            <Models>
                <Model file ="planeta.3d" texture="mercury.jpg"/>
            </Models>
        </Group>
        <!-- venus -->
        <Group>
            <Scale x="1.2" y="1.2" z="1.2"/>
            <Rotate time="15000" x="0" y="1" z="0"/>
            <Translate time="112" >
                <point x="13.4" y="0" z="0" />
                <point x="9.4" y="0" z="-9.4" />
                <point x="0" y="0" z="-13.4" />
                <point x="-9.4" y="0" z="-9.4" />
                <point x="-13.4" y="0" z="0" />
                <point x="-9.4" y="0" z="9.4" />
                <point x="0" y="0" z="13.4" />
                <point x="9.4" y="0" z="9.4" />
            </Translate>
            <Models>
                <Model file ="planeta.3d" texture="venus.jpg"/>
            </Models>
        </Group>
        <!-- Terra + Lua -->
        <Group>
            <Scale x="1.5" y="1.5" z="1.5"/>
            <Rotate time="15000" x="0" y="1" z="0"/>
            <Translate time="183" >
                <point x="18" y="0" z="0" />
                <point x="13" y="0" z="-13" />
                <point x="0" y="0" z="-18" />
                <point x="-13" y="0" z="-13" />
                <point x="-18" y="0" z="0" />
                <point x="-13" y="0" z="13" />
                <point x="0" y="0" z="18" />
                <point x="13" y="0" z="13" />
            </Translate>
            <Models>
                <Model file="planeta.3d" texture="earth.jpg"/>
            </Models>
            <Group>
                <Scale x="0.08" y="0.08" z="0.08"/>
                <Rotate time="15000" x="0" y="1" z="0"/>
                <Translate time="100" >
                    <point x="1.2" y="0" z="0" />
                    <point x="0.86" y="0" z="-0.86" />
                    <point x="0" y="0" z="-1.2" />
                    <point x="-0.86" y="0" z="-0.86" />
                    <point x="-1.2" y="0" z="0" />
                    <point x="-0.86" y="0" z="0.86" />
                    <point x="0" y="0" z="1.2" />
                    <point x="0.86" y="0" z="0.86" />
                </Translate>
                <Models>
                    <Model file ="planeta.3d" texture="moon.jpg"/> <!-- Lua -->
                </Models>
            </Group>
        </Group>
        <!-- Marte -->
        <Group>
            <Scale x="1" y="1" z="1"/>
            <Rotate time="15000" x="0" y="1" z="0"/>
            <Translate time="343" >
                <point x="-24" y="0" z="0" />
                <point x="-17.8" y="0" z="17.8" />
                <point x="0" y="0" z="24" />
                <point x="17.8" y="0" z="17.8" />
                <point x="24" y="0" z="0" />
                <point x="17.8" y="0" z="-17.8" />
                <point x="0" y="0" z="-24" />
                <point x="-17.8" y="0" z="-17.8" />
            </Translate>
            <Models>
                <Model file ="planeta.3d" texture="mars.jpg"/>
            </Models>
        </Group>
        <!-- jupiter -->
        <Group>
            <Scale x="3.0" y="3.0" z="3.0"/>
            <Rotate time="15000" x="0" y="1" z="0"/>
            <Translate time="400" >
                <point x="-31" y="0" z="0" />
                <point x="-23.8" y="0" z="23.8" />
                <point x="0" y="0" z="31" />
                <point x="23.8" y="0" z="23.8" />
                <point x="31" y="0" z="0" />
                <point x="23.8" y="0" z="-23.8" />
                <point x="0" y="0" z="-31" />
                <point x="-23.8" y="0" z="-23.8" />
            </Translate>
            <Models>
                <Model file ="planeta.3d" texture="jupiter.jpg"/>
            </Models>
        </Group>
        <!-- saturno -->
        <Group>
            <Scale x="2.2" y="2.2" z="2.2"/>
            <Rotate time="15000" x="0" y="1" z="0"/>
            <Translate time="459" >
                <point x="-40" y="0" z="0" />
                <point x="-28.8" y="0" z="28.8" />
                <point x="0" y="0" z="40" />
                <point x="28.8" y="0" z="28.8" />
                <point x="40" y="0" z="0" />
                <point x="28.8" y="0" z="-28.8" />
                <point x="0" y="0" z="-40" />
                <point x="-28.8" y="0" z="-28.8" />
            </Translate>
            <Group>
                <Rotate time="-15000" x="0" y="1" z="0"/>
                <Models>
                    <Model file ="anel.3d" texture="saturn_ring.png" />
                </Models>
            </Group>
            <Group>
                <Models>
                    <Model file ="planeta.3d" texture="saturn.jpg"/>
                </Models>
            </Group>
        </Group>
        <!-- urano -->
        <Group>
            <Scale x="1.8" y="1.8" z="1.8"/>
            <Rotate time="15000" x="0" y="1" z="0"/>
            <Translate time="600" >
                <point x="-47" y="0" z="0" />
                <point x="-33.8" y="0" z="33.8" />
                <point x="0" y="0" z="47" />
                <point x="33.8" y="0" z="33.8" />
                <point x="47" y="0" z="0" />
                <point x="33.8" y="0" z="-33.8" />
                <point x="0" y="0" z="-47" />
                <point x="-33.8" y="0" z="-33.8" />
            </Translate>
            <Models>
                <Model file ="planeta.3d" texture="uranus.jpg"/>
            </Models>
        </Group>
        <!-- neptuno -->
        <Group>
            <Scale x="1.8" y="1.8" z="1.8"/>
            <Rotate time="15000" x="0" y="1" z="0"/>
            <Translate time="700" >
                <point x="-54" y="0" z="0" />
                <point x="-39.8" y="0" z="39.8" />
                <point x="0" y="0" z="54" />
                <point x="39.8" y="0" z="39.8" />
                <point x="54" y="0" z="0" />
                <point x="39.8" y="0" z="-39.8" />
                <point x="0" y="0" z="-54" />
                <point x="-39.8" y="0" z="-39.8" />
            </Translate>
            <Models>
                <Model file ="planeta.3d" texture="neptune.jpg"/>
            </Models>
        </Group>
        <Group>
            <Scale x="0.45" y="0.45" z="0.45"/>
            <Translate time="15" >
                <point x="10" y="2" z="10" />
                <point x="-30" y="10" z="10" />
                <point x="-30" y="10" z="-10" />
                <point x="10" y="-2" z="-10" />
            </Translate>
            <Models>
                <Model file="planeta.3d" texture="comet.jpg"/>
            </Models>
        </Group>
    </Group>
</Scene>
